Workbook

Sheet Dashboard
R1: Beräkningar
R2: Månad | S2: Intäkt | T2: TB | V2: Kategori | W2: Intäkt | X2: TB | Z2: Kund | AA2: Intäkt | AB2: TB | AD2: Segment | AE2: Intäkt
B3: Nyckeltal – hela perioden | R3: 2026-01 | S3: =SUMIFS(Order!K:K,Order!C:C,R3) -> 28612365 | T3: =SUMIFS(Order!M:M,Order!C:C,R3) -> 10454806 | V3: Hydraulik | W3: {=SUMPRODUCT((Produktregister!C2:C13=V3)*SUMIFS(Order!K:K,Order!D:D,Produktregister!A2:A13))} -> 62533300 | X3: {=SUMPRODUCT((Produktregister!C2:C13=V3)*SUMIFS(Order!M:M,Order!D:D,Produktregister!A2:A13))} -> 23633000 | Z3: Volvo Lastvagnar | AA3: =SUMIFS(Order!K:K,Order!J:J,Z3) -> 10235210 | AB3: =SUMIFS(Order!M:M,Order!J:J,Z3) -> 3852085 | AD3: OEM | AE3: {=SUMPRODUCT((Kundregister!D2:D11=AD3)*SUMIFS(Order!K:K,Order!E:E,Kundregister!A2:A11))} -> 81809785
R4: 2026-02 | S4: =SUMIFS(Order!K:K,Order!C:C,R4) -> 46151745 | T4: =SUMIFS(Order!M:M,Order!C:C,R4) -> 17081122 | V4: Montage | W4: {=SUMPRODUCT((Produktregister!C2:C13=V4)*SUMIFS(Order!K:K,Order!D:D,Produktregister!A2:A13))} -> 9978470 | X4: {=SUMPRODUCT((Produktregister!C2:C13=V4)*SUMIFS(Order!M:M,Order!D:D,Produktregister!A2:A13))} -> 4389835 | Z4: Scania CV | AA4: =SUMIFS(Order!K:K,Order!J:J,Z4) -> 12039450 | AB4: =SUMIFS(Order!M:M,Order!J:J,Z4) -> 4421140 | AD4: Återförsäljare | AE4: {=SUMPRODUCT((Kundregister!D2:D11=AD4)*SUMIFS(Order!K:K,Order!E:E,Kundregister!A2:A11))} -> 73528340
B5: Total intäkt | F5: Totalt TB | J5: TB-marginal | N5: Antal order | R5: 2026-03 | S5: =SUMIFS(Order!K:K,Order!C:C,R5) -> 23491020 | T5: =SUMIFS(Order!M:M,Order!C:C,R5) -> 8831371 | V5: Elektronik | W5: {=SUMPRODUCT((Produktregister!C2:C13=V5)*SUMIFS(Order!K:K,Order!D:D,Produktregister!A2:A13))} -> 89102270 | X5: {=SUMPRODUCT((Produktregister!C2:C13=V5)*SUMIFS(Order!M:M,Order!D:D,Produktregister!A2:A13))} -> 31739960 | Z5: Kongsberg Automotive | AA5: =SUMIFS(Order!K:K,Order!J:J,Z5) -> 15041280 | AB5: =SUMIFS(Order!M:M,Order!J:J,Z5) -> 5776610 | AD5: Slutkund | AE5: {=SUMPRODUCT((Kundregister!D2:D11=AD5)*SUMIFS(Order!K:K,Order!E:E,Kundregister!A2:A11))} -> 5519330
B6: =SUM(Order!K:K) -> 165772335 | F6: =SUM(Order!M:M) -> 61694876 | J6: =SUM(Order!M:M)/SUM(Order!K:K) -> 0.3721663 | N6: =COUNTA(Order!A:A)-1 -> 350 | R6: 2026-04 | S6: =SUMIFS(Order!K:K,Order!C:C,R6) -> 23419075 | T6: =SUMIFS(Order!M:M,Order!C:C,R6) -> 8906976 | V6: Reservdelar | W6: {=SUMPRODUCT((Produktregister!C2:C13=V6)*SUMIFS(Order!K:K,Order!D:D,Produktregister!A2:A13))} -> 4158295 | X6: {=SUMPRODUCT((Produktregister!C2:C13=V6)*SUMIFS(Order!M:M,Order!D:D,Produktregister!A2:A13))} -> 1932081 | Z6: Danfoss A/S | AA6: =SUMIFS(Order!K:K,Order!J:J,Z6) -> 12123180 | AB6: =SUMIFS(Order!M:M,Order!J:J,Z6) -> 4642356
B7: kr | F7: kr | J7: av intäkt | N7: st | R7: 2026-05 | S7: =SUMIFS(Order!K:K,Order!C:C,R7) -> 12029355 | T7: =SUMIFS(Order!M:M,Order!C:C,R7) -> 4773868 | Z7: Wärtsilä | AA7: =SUMIFS(Order!K:K,Order!J:J,Z7) -> 22773195 | AB7: =SUMIFS(Order!M:M,Order!J:J,Z7) -> 8186484
R8: 2026-06 | S8: =SUMIFS(Order!K:K,Order!C:C,R8) -> 32068775 | T8: =SUMIFS(Order!M:M,Order!C:C,R8) -> 11646733 | Z8: Bosch Rexroth | AA8: =SUMIFS(Order!K:K,Order!J:J,Z8) -> 9597470 | AB8: =SUMIFS(Order!M:M,Order!J:J,Z8) -> 3796647
Z9: Hydraul-Service AB | AA9: =SUMIFS(Order!K:K,Order!J:J,Z9) -> 35781475 | AB9: =SUMIFS(Order!M:M,Order!J:J,Z9) -> 12821138
B10: Intäkt & TB per månad | G10: Intäkt per produktkategori | Z10: Nordic Parts AS | AA10: =SUMIFS(Order!K:K,Order!J:J,Z10) -> 14375425 | AB10: =SUMIFS(Order!M:M,Order!J:J,Z10) -> 5472796
B11: Månad | C11: Intäkt (kr) | D11: TB (kr) | E11: TB% | G11: Kategori | H11: Intäkt (kr) | I11: TB (kr) | J11: TB% | K11: Andel intäkt | Z11: Maskin & Verktyg | AA11: =SUMIFS(Order!K:K,Order!J:J,Z11) -> 5519330 | AB11: =SUMIFS(Order!M:M,Order!J:J,Z11) -> 2234073
B12: =R3 -> 2026-01 | C12: =S3 -> 28612365 | D12: =T3 -> 10454806 | E12: =T3/S3 -> 0.36539468 | G12: =V3 -> Hydraulik | H12: =W3 -> 62533300 | I12: =X3 -> 23633000 | J12: =X3/W3 -> 0.37792664 | K12: =W3/SUM(W3:W6) -> 0.37722398 | Z12: Industrikomponenter | AA12: =SUMIFS(Order!K:K,Order!J:J,Z12) -> 23371440 | AB12: =SUMIFS(Order!M:M,Order!J:J,Z12) -> 8623788
B13: =R4 -> 2026-02 | C13: =S4 -> 46151745 | D13: =T4 -> 17081122 | E13: =T4/S4 -> 0.37010783 | G13: =V4 -> Montage | H13: =W4 -> 9978470 | I13: =X4 -> 4389835 | J13: =X4/W4 -> 0.43993067 | K13: =W4/SUM(W3:W6) -> 0.060193819
B14: =R5 -> 2026-03 | C14: =S5 -> 23491020 | D14: =T5 -> 8831371 | E14: =T5/S5 -> 0.37594668 | G14: =V5 -> Elektronik | H14: =W5 -> 89102270 | I14: =X5 -> 31739960 | J14: =X5/W5 -> 0.35621943 | K14: =W5/SUM(W3:W6) -> 0.53749783
B15: =R6 -> 2026-04 | C15: =S6 -> 23419075 | D15: =T6 -> 8906976 | E15: =T6/S6 -> 0.38032997 | G15: =V6 -> Reservdelar | H15: =W6 -> 4158295 | I15: =X6 -> 1932081 | J15: =X6/W6 -> 0.46463298 | K15: =W6/SUM(W3:W6) -> 0.025084372
B16: =R7 -> 2026-05 | C16: =S7 -> 12029355 | D16: =T7 -> 4773868 | E16: =T7/S7 -> 0.39685154 | G16: Totalt | H16: =SUM(H12:H15) -> 165772335 | I16: =SUM(I12:I15) -> 61694876 | J16: =I16/H16 -> 0.3721663 | K16: =H16/H16 -> 1
B17: =R8 -> 2026-06 | C17: =S8 -> 32068775 | D17: =T8 -> 11646733 | E17: =T8/S8 -> 0.36317985
B18: Totalt | C18: =SUM(C12:C17) -> 165772335 | D18: =SUM(D12:D17) -> 61694876 | E18: =D18/C18 -> 0.3721663
B21: Intäkt & lönsamhet per kund
B22: Kund | C22: Segment | D22: Intäkt (kr) | E22: TB (kr) | F22: TB% | G22: Andel av total
B23: =Z9 -> Hydraul-Service AB | C23: =VLOOKUP(B23,Kundregister!B:D,3,0) -> Återförsäljare | D23: =AA9 -> 35781475 | E23: =AB9 -> 12821138 | F23: =AB9/AA9 -> 0.35831776 | G23: =AA9/SUM(AA3:AA12) -> 0.22244213
B24: =Z7 -> Wärtsilä | C24: =VLOOKUP(B24,Kundregister!B:D,3,0) -> OEM | D24: =AA7 -> 22773195 | E24: =AB7 -> 8186484 | F24: =AB7/AA7 -> 0.35947894 | G24: =AA7/SUM(AA3:AA12) -> 0.14157376
B25: =Z12 -> Industrikomponenter | C25: =VLOOKUP(B25,Kundregister!B:D,3,0) -> Återförsäljare | D25: =AA12 -> 23371440 | E25: =AB12 -> 8623788 | F25: =AB12/AA12 -> 0.3689883 | G25: =AA12/SUM(AA3:AA12) -> 0.14529286
B26: =Z5 -> Kongsberg Automotive | C26: =VLOOKUP(B26,Kundregister!B:D,3,0) -> OEM | D26: =AA5 -> 15041280 | E26: =AB5 -> 5776610 | F26: =AB5/AA5 -> 0.38405043 | G26: =AA5/SUM(AA3:AA12) -> 0.093506888
B27: =Z10 -> Nordic Parts AS | C27: =VLOOKUP(B27,Kundregister!B:D,3,0) -> Återförsäljare | D27: =AA10 -> 14375425 | E27: =AB10 -> 5472796 | F27: =AB10/AA10 -> 0.38070499 | G27: =AA10/SUM(AA3:AA12) -> 0.089367478
B28: =Z6 -> Danfoss A/S | C28: =VLOOKUP(B28,Kundregister!B:D,3,0) -> OEM | D28: =AA6 -> 12123180 | E28: =AB6 -> 4642356 | F28: =AB6/AA6 -> 0.3829322 | G28: =AA6/SUM(AA3:AA12) -> 0.075365982
B29: =Z4 -> Scania CV | C29: =VLOOKUP(B29,Kundregister!B:D,3,0) -> OEM | D29: =AA4 -> 12039450 | E29: =AB4 -> 4421140 | F29: =AB4/AA4 -> 0.36722109 | G29: =AA4/SUM(AA3:AA12) -> 0.074845459
B30: =Z3 -> Volvo Lastvagnar | C30: =VLOOKUP(B30,Kundregister!B:D,3,0) -> OEM | D30: =AA3 -> 10235210 | E30: =AB3 -> 3852085 | F30: =AB3/AA3 -> 0.37635623 | G30: =AA3/SUM(AA3:AA12) -> 0.063629068
B31: =Z8 -> Bosch Rexroth | C31: =VLOOKUP(B31,Kundregister!B:D,3,0) -> OEM | D31: =AA8 -> 9597470 | E31: =AB8 -> 3796647 | F31: =AB8/AA8 -> 0.39558832 | G31: =AA8/SUM(AA3:AA12) -> 0.05966444
B32: =Z11 -> Maskin & Verktyg | C32: =VLOOKUP(B32,Kundregister!B:D,3,0) -> Slutkund | D32: =AA11 -> 5519330 | E32: =AB11 -> 2234073 | F32: =AB11/AA11 -> 0.4047725 | G32: =AA11/SUM(AA3:AA12) -> 0.034311932
B33: Totalt | D33: =SUM(D23:D32) -> 160857455 | E33: =SUM(E23:E32) -> 59827117 | F33: =E33/D33 -> 0.37192629 | G33: =SUM(G23:G32) -> 1
B36: Visualiseringar

Sheet Produktregister
A1: Produktkod | B1: Produktnamn | C1: Kategori | D1: Styckpris | E1: Självkostnad/st
A2: P-101 | B2: Hydraulcylinder HC-50 | C2: Hydraulik | D2: 4500 | E2: 2800
A3: P-102 | B3: Hydraulpump HP-200 | C3: Hydraulik | D3: 8900 | E3: 5600
A4: P-103 | B4: Ventilblock VB-30 | C4: Hydraulik | D4: 3200 | E4: 1950
A5: P-104 | B5: Montagesats MS-10 | C5: Montage | D5: 1250 | E5: 720
A6: P-105 | B6: Fästplatta FP-A4 | C6: Montage | D6: 480 | E6: 260
A7: P-106 | B7: Skruvkit SK-100 | C7: Montage | D7: 320 | E7: 165
A8: P-107 | B8: Styrenhet CU-X1 | C8: Elektronik | D8: 12500 | E8: 8200
A9: P-108 | B9: Sensor S-45 | C9: Elektronik | D9: 2100 | E9: 1180
A10: P-109 | B10: Kabelhärva KH-7 | C10: Elektronik | D10: 890 | E10: 510
A11: P-110 | B11: Lagersats LS-22 | C11: Reservdelar | D11: 650 | E11: 380
A12: P-111 | B12: Tätningskit TK-9 | C12: Reservdelar | D12: 210 | E12: 95
A13: P-112 | B13: Packningssats PS-3 | C13: Reservdelar | D13: 145 | E13: 68

Sheet Kundregister
A1: Kundkod | B1: Kund | C1: Land | D1: Segment
A2: K-01 | B2: Volvo Lastvagnar | C2: Sverige | D2: OEM
A3: K-02 | B3: Scania CV | C3: Sverige | D3: OEM
A4: K-03 | B4: Kongsberg Automotive | C4: Norge | D4: OEM
A5: K-04 | B5: Danfoss A/S | C5: Danmark | D5: OEM
A6: K-05 | B6: Wärtsilä | C6: Finland | D6: OEM
A7: K-06 | B7: Bosch Rexroth | C7: Tyskland | D7: OEM
A8: K-07 | B8: Hydraul-Service AB | C8: Sverige | D8: Återförsäljare
A9: K-08 | B9: Nordic Parts AS | C9: Norge | D9: Återförsäljare
A10: K-09 | B10: Maskin & Verktyg | C10: Sverige | D10: Slutkund
A11: K-10 | B11: Industrikomponenter | C11: Sverige | D11: Återförsäljare

Sheet Rabattnivåer
A1: Min antal | B1: Rabattsats
A2: 0 | B2: 0
A3: 50 | B3: 0.03
A4: 100 | B4: 0.05
A5: 250 | B5: 0.08
A6: 500 | B6: 0.12

Sheet Order
A1: OrderID | B1: Datum | C1: Månad | D1: Produktkod | E1: Kundkod | F1: Antal | G1: Produktnamn | H1: Styckpris | I1: Självkostnad/st | J1: Kund | K1: Intäkt | L1: Rabattsats | M1: TB
A2: O-10044 | B2: 46023 | C2: 2026-01 | D2: P-101 | E2: K-07 | F2: 44 | G2: =_xlfn.XLOOKUP(tblOrder[[#This Row],[Produktkod]], tblProd[Produktkod], tblProd[Produktnamn]) -> Hydraulcylinder HC-50 | H2: =_xlfn.XLOOKUP(tblOrder[[#This Row],[Produktkod]], tblProd[Produktkod], tblProd[Styckpris]) -> 4500 | I2: =_xlfn.XLOOKUP(tblOrder[[#This Row],[Produktkod]], tblProd[Produktkod], tblProd[Självkostnad/st]) -> 2800 | J2: =_xlfn.XLOOKUP(tblOrder[[#This Row],[Kundkod]], tblKund[Kundkod], tblKund[Kund], "Okänd kund") -> Hydraul-Service AB | K2: =tblOrder[[#This Row],[Antal]]*tblOrder[[#This Row],[Styckpris]] -> 198000 | L2: =_xlfn.XLOOKUP(tblOrder[[#This Row],[Antal]], tblRabatt[Min antal], tblRabatt[Rabattsats], , -1) -> 0 | M2: =K2-F2*I2 -> 74800
A3: O-10131 | B3: 46023 | C3: 2026-01 | D3: P-105 | E3: K-09 | F3: 173 | G3: =_xlfn.XLOOKUP(tblOrder[[#This Row],[Produktkod]], tblProd[Produktkod], tblProd[Produktnamn]) -> Fästplatta FP-A4 | H3: =_xlfn.XLOOKUP(tblOrder[[#This Row],[Produktkod]], tblProd[Produktkod], tblProd[Styckpris]) -> 480 | I3: =_xlfn.XLOOKUP(tblOrder[[#This Row],[Produktkod]], tblProd[Produktkod], tblProd[Självkostnad/st]) -> 260 | J3: =_xlfn.XLOOKUP(tblOrder[[#This Row],[Kundkod]], tblKund[Kundkod], tblKund[Kund], "Okänd kund") -> Maskin & Verktyg | K3: =tblOrder[[#This Row],[Antal]]*tblOrder[[#This Row],[Styckpris]] -> 83040 | L3: =_xlfn.XLOOKUP(tblOrder[[#This Row],[Antal]], tblRabatt[Min antal], tblRabatt[Rabattsats], , -1) -> 0.05 | M3: =K3-F3*I3 -> 38060
A4: O-10237 | B4: 46023 | C4: 2026-01 | D4: P-110 | E4: K-01 | F4: 34 | G4: =_xlfn.XLOOKUP(tblOrder[[#This Row],[Produktkod]], tblProd[Produktkod], tblProd[Produktnamn]) -> Lagersats LS-22 | H4: =_xlfn.XLOOKUP(tblOrder[[#This Row],[Produktkod]], tblProd[Produktkod], tblProd[Styckpris]) -> 650 | I4: =_xlfn.XLOOKUP(tblOrder[[#This Row],[Produktkod]], tblProd[Produktkod], tblProd[Självkostnad/st]) -> 380 | J4: =_xlfn.XLOOKUP(tblOrder[[#This Row],[Kundkod]], tblKund[Kundkod], tblKund[Kund], "Okänd kund") -> Volvo Lastvagnar | K4: =tblOrder[[#This Row],[Antal]]*tblOrder[[#This Row],[Styckpris]] -> 22100 | L4: =_xlfn.XLOOKUP(tblOrder[[#This Row],[Antal]], tblRabatt[Min antal], tblRabatt[Rabattsats], , -1) -> 0 | M4: =K4-F4*I4 -> 9180
A5: O-10241 | B5: 46023 | C5: 2026-01 | D5: P-111 | E5: K-03 | F5: 160 | G5: =_xlfn.XLOOKUP(tblOrder[[#This Row],[Produktkod]], tblProd[Produktkod], tblProd[Produktnamn]) -> Tätningskit TK-9 | H5: =_xlfn.XLOOKUP(tblOrder[[#This Row],[Produktkod]], tblProd[Produktkod], tblProd[Styckpris]) -> 210 | I5: =_xlfn.XLOOKUP(tblOrder[[#This Row],[Produktkod]], tblProd[Produktkod], tblProd[Självkostnad/st]) -> 95 | J5: =_xlfn.XLOOKUP(tblOrder[[#This Row],[Kundkod]], tblKund[Kundkod], tblKund[Kund], "Okänd kund") -> Kongsberg Automotive | K5: =tblOrder[[#This Row],[Antal]]*tblOrder[[#This Row],[Styckpris]] -> 33600 | L5: =_xlfn.XLOOKUP(tblOrder[[#This Row],[Antal]], tblRabatt[Min antal], tblRabatt[Rabattsats], , -1) -> 0.05 | M5: =K5-F5*I5 -> 18400
A6: O-10276 | B6: 46023 | C6: 2026-01 | D6: P-105 | E6: K-04 | F6: 42 | G6: =_xlfn.XLOOKUP(tblOrder[[#This Row],[Produktkod]], tblProd[Produktkod], tblProd[Produktnamn]) -> Fästplatta FP-A4 | H6: =_xlfn.XLOOKUP(tblOrder[[#This Row],[Produktkod]], tblProd[Produktkod], tblProd[Styckpris]) -> 480 | I6: =_xlfn.XLOOKUP(tblOrder[[#This Row],[Produktkod]], tblProd[Produktkod], tblProd[Självkostnad/st]) -> 260 | J6: =_xlfn.XLOOKUP(tblOrder[[#This Row],[Kundkod]], tblKund[Kundkod], tblKund[Kund], "Okänd kund") -> Danfoss A/S | K6: =tblOrder[[#This Row],[Antal]]*tblOrder[[#This Row],[Styckpris]] -> 20160 | L6: =_xlfn.XLOOKUP(tblOrder[[#This Row],[Antal]], tblRabatt[Min antal], tblRabatt[Rabattsats], , -1) -> 0 | M6: =K6-F6*I6 -> 9240
A7: O-10154 | B7: 46025 | C7: 2026-01 | D7: P-101 | E7: K-10 | F7: 453 | G7: =_xlfn.XLOOKUP(tblOrder[[#This Row],[Produktkod]], tblProd[Produktkod], tblProd[Produktnamn]) -> Hydraulcylinder HC-50 | H7: =_xlfn.XLOOKUP(tblOrder[[#This Row],[Produktkod]], tblProd[Produktkod], tblProd[Styckpris]) -> 4500 | I7: =_xlfn.XLOOKUP(tblOrder[[#This Row],[Produktkod]], tblProd[Produktkod], tblProd[Självkostnad/st]) -> 2800 | J7: =_xlfn.XLOOKUP(tblOrder[[#This Row],[Kundkod]], tblKund[Kundkod], tblKund[Kund], "Okänd kund") -> Industrikomponenter | K7: =tblOrder[[#This Row],[Antal]]*tblOrder[[#This Row],[Styckpris]] -> 2038500 | L7: =_xlfn.XLOOKUP(tblOrder[[#This Row],[Antal]], tblRabatt[Min antal], tblRabatt[Rabattsats], , -1) -> 0.08 | M7: =K7-F7*I7 -> 770100
A8: O-10184 | B8: 46025 | C8: 2026-01 | D8: P-111 | E8: K-01 | F8: 47 | G8: =_xlfn.XLOOKUP(tblOrder[[#This Row],[Produktkod]], tblProd[Produktkod], tblProd[Produktnamn]) -> Tätningskit TK-9 | H8: =_xlfn.XLOOKUP(tblOrder[[#This Row],[Produktkod]], tblProd[Produktkod], tblProd[Styckpris]) -> 210 | I8: =_xlfn.XLOOKUP(tblOrder[[#This Row],[Produktkod]], tblProd[Produktkod], tblProd[Självkostnad/st]) -> 95 | J8: =_xlfn.XLOOKUP(tblOrder[[#This Row],[Kundkod]], tblKund[Kundkod], tblKund[Kund], "Okänd kund") -> Volvo Lastvagnar | K8: =tblOrder[[#This Row],[Antal]]*tblOrder[[#This Row],[Styckpris]] -> 9870 | L8: =_xlfn.XLOOKUP(tblOrder[[#This Row],[Antal]], tblRabatt[Min antal], tblRabatt[Rabattsats], , -1) -> 0 | M8: =K8-F8*I8 -> 5405
A9: O-10058 | B9: 46026 | C9: 2026-01 | D9: P-106 | E9: K-06 | F9: 24 | G9: =_xlfn.XLOOKUP(tblOrder[[#This Row],[Produktkod]], tblProd[Produktkod], tblProd[Produktnamn]) -> Skruvkit SK-100 | H9: =_xlfn.XLOOKUP(tblOrder[[#This Row],[Produktkod]], tblProd[Produktkod], tblProd[Styckpris]) -> 320 | I9: =_xlfn.XLOOKUP(tblOrder[[#This Row],[Produktkod]], tblProd[Produktkod], tblProd[Självkostnad/st]) -> 165 | J9: =_xlfn.XLOOKUP(tblOrder[[#This Row],[Kundkod]], tblKund[Kundkod], tblKund[Kund], "Okänd kund") -> Bosch Rexroth | K9: =tblOrder[[#This Row],[Antal]]*tblOrder[[#This Row],[Styckpris]] -> 7680 | L9: =_xlfn.XLOOKUP(tblOrder[[#This Row],[Antal]], tblRabatt[Min antal], tblRabatt[Rabattsats], , -1) -> 0 | M9: =K9-F9*I9 -> 3720
A10: O-10188 | B10: 46027 | C10: 2026-01 | D10: P-112 | E10: K-07 | F10: 50 | G10: =_xlfn.XLOOKUP(tblOrder[[#This Row],[Produktkod]], tblProd[Produktkod], tblProd[Produktnamn]) -> Packningssats PS-3 | H10: =_xlfn.XLOOKUP(tblOrder[[#This Row],[Produktkod]], tblProd[Produktkod], tblProd[Styckpris]) -> 145 | I10: =_xlfn.XLOOKUP(tblOrder[[#This Row],[Produktkod]], tblProd[Produktkod], tblProd[Självkostnad/st]) -> 68 | J10: =_xlfn.XLOOKUP(tblOrder[[#This Row],[Kundkod]], tblKund[Kundkod], tblKund[Kund], "Okänd kund") -> Hydraul-Service AB | K10: =tblOrder[[#This Row],[Antal]]*tblOrder[[#This Row],[Styckpris]] -> 7250 | L10: =_xlfn.XLOOKUP(tblOrder[[#This Row],[Antal]], tblRabatt[Min antal], tblRabatt[Rabattsats], , -1) -> 0.03 | M10: =K10-F10*I10 -> 3850
A11: O-10109 | B11: 46028 | C11: 2026-01 | D11: P-101 | E11: K-07 | F11: 538 | G11: =_xlfn.XLOOKUP(tblOrder[[#This Row],[Produktkod]], tblProd[Produktkod], tblProd[Produktnamn]) -> Hydraulcylinder HC-50 | H11: =_xlfn.XLOOKUP(tblOrder[[#This Row],[Produktkod]], tblProd[Produktkod], tblProd[Styckpris]) -> 4500 | I11: =_xlfn.XLOOKUP(tblOrder[[#This Row],[Produktkod]], tblProd[Produktkod], tblProd[Självkostnad/st]) -> 2800 | J11: =_xlfn.XLOOKUP(tblOrder[[#This Row],[Kundkod]], tblKund[Kundkod], tblKund[Kund], "Okänd kund") -> Hydraul-Service AB | K11: =tblOrder[[#This Row],[Antal]]*tblOrder[[#This Row],[Styckpris]] -> 2421000 | L11: =_xlfn.XLOOKUP(tblOrder[[#This Row],[Antal]], tblRabatt[Min antal], tblRabatt[Rabattsats], , -1) -> 0.12 | M11: =K11-F11*I11 -> 914600
A12: O-10196 | B12: 46028 | C12: 2026-01 | D12: P-104 | E12: K-02 | F12: 420 | G12: =_xlfn.XLOOKUP(tblOrder[[#This Row],[Produktkod]], tblProd[Produktkod], tblProd[Produktnamn]) -> Montagesats MS-10 | H12: =_xlfn.XLOOKUP(tblOrder[[#This Row],[Produktkod]], tblProd[Produktkod], tblProd[Styckpris]) -> 1250 | I12: =_xlfn.XLOOKUP(tblOrder[[#This Row],[Produktkod]], tblProd[Produktkod], tblProd[Självkostnad/st]) -> 720 | J12: =_xlfn.XLOOKUP(tblOrder[[#This Row],[Kundkod]], tblKund[Kundkod], tblKund[Kund], "Okänd kund") -> Scania CV | K12: =tblOrder[[#This Row],[Antal]]*tblOrder[[#This Row],[Styckpris]] -> 525000 | L12: =_xlfn.XLOOKUP(tblOrder[[#This Row],[Antal]], tblRabatt[Min antal], tblRabatt[Rabattsats], , -1) -> 0.08 | M12: =K12-F12*I12 -> 222600
A13: O-10082 | B13: 46030 | C13: 2026-01 | D13: P-101 | E13: K-10 | F13: 29 | G13: =_xlfn.XLOOKUP(tblOrder[[#This Row],[Produktkod]], tblProd[Produktkod], tblProd[Produktnamn]) -> Hydraulcylinder HC-50 | H13: =_xlfn.XLOOKUP(tblOrder[[#This Row],[Produktkod]], tblProd[Produktkod], tblProd[Styckpris]) -> 4500 | I13: =_xlfn.XLOOKUP(tblOrder[[#This Row],[Produktkod]], tblProd[Produktkod], tblProd[Självkostnad/st]) -> 2800 | J13: =_xlfn.XLOOKUP(tblOrder[[#This Row],[Kundkod]], tblKund[Kundkod], tblKund[Kund], "Okänd kund") -> Industrikomponenter | K13: =tblOrder[[#This Row],[Antal]]*tblOrder[[#This Row],[Styckpris]] -> 130500 | L13: =_xlfn.XLOOKUP(tblOrder[[#This Row],[Antal]], tblRabatt[Min antal], tblRabatt[Rabattsats], , -1) -> 0 | M13: =K13-F13*I13 -> 49300
... A351: O-10332 | B351: 46201 | C351: 2026-06 | D351: P-109 | E351: K-03 | F351: 198 | G351: =_xlfn.XLOOKUP(tblOrder[[#This Row],[Produktkod]], tblProd[Produktkod], tblProd[Produktnamn]) -> Kabelhärva KH-7 | H351: =_xlfn.XLOOKUP(tblOrder[[#This Row],[Produktkod]], tblProd[Produktkod], tblProd[Styckpris]) -> 890 | I351: =_xlfn.XLOOKUP(tblOrder[[#This Row],[Produktkod]], tblProd[Produktkod], tblProd[Självkostnad/st]) -> 510 | J351: =_xlfn.XLOOKUP(tblOrder[[#This Row],[Kundkod]], tblKund[Kundkod], tblKund[Kund], "Okänd kund") -> Kongsberg Automotive | K351: =tblOrder[[#This Row],[Antal]]*tblOrder[[#This Row],[Styckpris]] -> 176220 | L351: =_xlfn.XLOOKUP(tblOrder[[#This Row],[Antal]], tblRabatt[Min antal], tblRabatt[Rabattsats], , -1) -> 0.05 | M351: =K351-F351*I351 -> 75240

Sheet Uppgifter
B1: MODUL 2 – Din första uppslagsformel: XLOOKUP
B2: Case: Intäktsanalys – Nordvik Industri AB
B4: Uppgift 1 – Styckpris (kolumn H)
B5: Samma formel som exemplet, men hämta priset istället för namnet. Skriv i cell H2:
B7: Uppgift 2 – Självkostnad/st (kolumn I)
B8: Exakt samma mönster – nu helt själv. Hämta självkostnaden ur tblProd till cell I2.
B10: Uppgift 3 – Kund (kolumn J) · nytt: felhantering
B11: Hämta kundnamnet ur tblKund med kundkoden. Men: några kundkoder saknas i registret
B12: och ger då felmeddelandet #SAKNAS!. Lägg till en FJÄRDE del som visar text istället:
B14: Uppgift 4 – Intäkt (kolumn K) · belöningen
B15: Nu har du pris på varje rad – då kan du räkna intäkt. Ingen uppslagning, bara multiplikation:
B17: Uppgift 5 (frivillig utmaning) – Rabattsats (kolumn L)
... B21: FEMTE del, -1, som betyder "ta exakt träff ELLER närmast lägre":

Sheet _Data
A1: Månad | B1: Intäkt | C1: TB | E1: Kategori | F1: Intäkt
A2: =Dashboard!R3 -> 2026-01 | B2: =Dashboard!S3 -> 28612365 | C2: =Dashboard!T3 -> 10454806 | E2: =Dashboard!V3 -> Hydraulik | F2: =Dashboard!W3 -> 62533300
A3: =Dashboard!R4 -> 2026-02 | B3: =Dashboard!S4 -> 46151745 | C3: =Dashboard!T4 -> 17081122 | E3: =Dashboard!V4 -> Montage | F3: =Dashboard!W4 -> 9978470
A4: =Dashboard!R5 -> 2026-03 | B4: =Dashboard!S5 -> 23491020 | C4: =Dashboard!T5 -> 8831371 | E4: =Dashboard!V5 -> Elektronik | F4: =Dashboard!W5 -> 89102270
A5: =Dashboard!R6 -> 2026-04 | B5: =Dashboard!S6 -> 23419075 | C5: =Dashboard!T6 -> 8906976 | E5: =Dashboard!V6 -> Reservdelar | F5: =Dashboard!W6 -> 4158295
A6: =Dashboard!R7 -> 2026-05 | B6: =Dashboard!S7 -> 12029355 | C6: =Dashboard!T7 -> 4773868
A7: =Dashboard!R8 -> 2026-06 | B7: =Dashboard!S8 -> 32068775 | C7: =Dashboard!T8 -> 11646733
